﻿<?xml version="1.0" encoding="utf-8" standalone="yes" ?>
<Window size="800,572" sizebox="4,4,6,6" caption="0,0,0,90" mininfo="800,570" roundcorner="5,5">
    <Font name="宋体" size="13" bold="true" italic="false" />
    <Font name="宋体" size="12" bold="true" italic="false" />
    <Font name="宋体" size="12" bold="false" italic="false" />
    <Font name="宋体" size="14" bold="true" italic="false" />
    <Font name="宋体" size="13" bold="false" italic="false" />
    <Font name="SimSun" size="12" bold="false" italic="false" default="true" />
    <Default name="VScrollBar" value="button1normalimage=&quot;file=&apos;scrollbar_v.png&apos; source=&apos;0,0,16,16&apos;&quot; button1hotimage=&quot;file=&apos;scrollbar_v.png&apos; source=&apos;16,0,32,16,16&apos;&quot; button1pushedimage=&quot;file=&apos;scrollbar_v.png&apos; source=&apos;32,0,48,16&apos;&quot; button2normalimage=&quot;file=&apos;scrollbar_v.png&apos; source=&apos;0,32,16,48&apos;&quot; button2hotimage=&quot;file=&apos;scrollbar_v.png&apos; source=&apos;16,32,32,48&apos;&quot; button2pushedimage=&quot;file=&apos;scrollbar_v.png&apos; source=&apos;32,32,48,48&apos;&quot; thumbnormalimage=&quot;file=&apos;scrollbar_v.png&apos; source=&apos;0,48,16,64&apos; corner=&apos;0,2,0,2&apos;&quot; thumbhotimage=&quot;file=&apos;scrollbar_v.png&apos; source=&apos;16,48,32,64&apos; corner=&apos;0,2,0,2&apos;&quot; thumbpushedimage=&quot;file=&apos;scrollbar_v.png&apos; source=&apos;32,48,48,64&apos; corner=&apos;0,2,0,2&apos;&quot; bknormalimage=&quot;file=&apos;scrollbar_v.png&apos; source=&apos;0,16,16,32&apos;&quot;" />
    <VerticalLayout name="main" bkcolor="#FF29303D" bkcolor2="#FF29303D" bordercolor="#FF29303D" inset="1,0,1,0">
        <HorizontalLayout height="28" bkcolor="#FF405F7C">
            <HorizontalLayout>
                <Label name="lblTitle" text="翰林PDF转WORD转换器" float="true" pos="14,5,0,0" width="642" height="20" textcolor="#00FFFFFF" disabledtextcolor="#FFA7A6AA" font="0" align="leftvcenter" />
            </HorizontalLayout>
            <HorizontalLayout name="appbtn" width="116" height="28" inset="0,1,0,0">
                <Button name="menubtn" tooltip="主菜单" width="28" height="28" textcolor="#FF000000" disabledtextcolor="#FFA7A6AA" align="center" normalimage="mainmenu_normal.png" hotimage="mainmenu_hover.png" pushedimage="mainmenu_press.png" />
                <Button name="minbtn" tooltip="最小化" width="28" height="28" textcolor="#FF000000" disabledtextcolor="#FFA7A6AA" align="center" normalimage="minsize_normal.png" hotimage="minsize_hover.png" pushedimage="minsize_press.png" />
                <Button name="maxbtn" tooltip="最大化" width="28" height="28" textcolor="#FF000000" disabledtextcolor="#FFA7A6AA" align="center" normalimage="maximize_normal.png" hotimage="maximize_hover.png" pushedimage="maximize_press.png" />
                <Button name="restorebtn" tooltip="恢复" visible="false" width="28" height="28" align="center" normalimage="normal_normal.png" hotimage="normal_hover.png" pushedimage="normal_press.png" />
                <Button name="closebtn" tooltip="关闭" width="28" height="28" textcolor="#FF000000" disabledtextcolor="#FFA7A6AA" align="center" normalimage="close1_normal.png" hotimage="close1_hover.png" pushedimage="close1_press.png" />
            </HorizontalLayout>
        </HorizontalLayout>
        <HorizontalLayout height="100" bkcolor="#FF405F7C" bkcolor2="#00000080">
            <HorizontalLayout width="668" height="100" bkcolor="#FF405F7C" inset="8,5,0,0">
                <Option name="btn2doc" text="文件转Word" float="true" pos="14,0,0,0" width="72" height="100" textpadding="0,0,0,10" textcolor="#00FFFFFF" disabledtextcolor="#FFA7A6AA" font="1" align="bottomcenter" normalimage="toolbar_normal.png" hotimage="file='toolbar_hover.png' dest='0,0,72,72'" pushedimage="file='toolbar_pushed.png' dest='0,0,72,72'" group="quickbar" selected="true" foreimage="file='doc.png' dest='0,0,72,72'" selectedimage="file='toolbar_pushed.png' dest='0,0,72,72'" />
                <Option name="btn2xls" text="文件转Excel" float="true" pos="88,0,0,0" width="72" height="100" textpadding="0,0,0,10" textcolor="#00FFFFFF" disabledtextcolor="#FFA7A6AA" font="1" align="bottomcenter" normalimage="toolbar_normal.png" hotimage="file='toolbar_hover.png' dest='0,0,72,72'" pushedimage="file='toolbar_pushed.png' dest='0,0,72,72'" group="quickbar" foreimage="file='xls.png' dest='0,0,72,72'" selectedimage="file='toolbar_pushed.png' dest='0,0,72,72'" />
                <Option name="btn2image" text="文件转图片" float="true" pos="162,0,0,0" width="72" height="100" textpadding="0,0,0,10" textcolor="#00FFFFFF" disabledtextcolor="#FFA7A6AA" font="1" align="bottomcenter" normalimage="toolbar_normal.png" hotimage="file='toolbar_hover.png' dest='0,0,72,72'" pushedimage="file='toolbar_pushed.png' dest='0,0,72,72'" group="quickbar" foreimage="file='image.png' dest='0,0,72,72'" selectedimage="file='toolbar_pushed.png' dest='0,0,72,72'" />
                <Option name="btn2ppt" text="文件转PPT" float="true" pos="242,0,0,0" width="72" height="100" textpadding="0,0,0,10" textcolor="#00FFFFFF" disabledtextcolor="#FFA7A6AA" font="1" align="bottomcenter" normalimage="toolbar_normal.png" hotimage="file='toolbar_hover.png' dest='0,0,72,72'" pushedimage="file='toolbar_pushed.png' dest='0,0,72,72'" group="quickbar" foreimage="file='ppt.png' dest='0,0,72,72'" selectedimage="file='toolbar_pushed.png' dest='0,0,72,72'" />
                <Option name="btn2html" text="文件转HTML" float="true" pos="322,0,0,0" width="72" height="100" textpadding="0,0,0,10" textcolor="#00FFFFFF" disabledtextcolor="#FFA7A6AA" font="1" align="bottomcenter" normalimage="toolbar_normal.png" hotimage="file='toolbar_hover.png' dest='0,0,72,72'" pushedimage="file='toolbar_pushed.png' dest='0,0,72,72'" group="quickbar" foreimage="file='html.png' dest='0,0,72,72'" selectedimage="file='toolbar_pushed.png' dest='0,0,72,72'" />
                <Option name="btn2txt" text="文件转TXT" float="true" pos="398,0,0,0" width="72" height="100" textpadding="0,0,0,10" textcolor="#00FFFFFF" disabledtextcolor="#FFA7A6AA" font="1" align="bottomcenter" normalimage="toolbar_normal.png" hotimage="file='toolbar_hover.png' dest='0,0,72,72'" pushedimage="file='toolbar_pushed.png' dest='0,0,72,72'" group="quickbar" foreimage="file='txt.png' dest='0,0,72,72'" selectedimage="file='toolbar_pushed.png' dest='0,0,72,72'" />
                <Option name="btnImage2pdf" text="图片转PDF" float="true" pos="470,0,0,0" width="72" height="100" textpadding="0,0,0,10" textcolor="#00FFFFFF" disabledtextcolor="#FFA7A6AA" font="1" align="bottomcenter" normalimage="toolbar_normal.png" hotimage="file='toolbar_hover.png' dest='0,0,72,72'" pushedimage="file='toolbar_pushed.png' dest='0,0,72,72'" group="quickbar" foreimage="file='image2pdf.png' dest='0,0,72,72'" selectedimage="file='toolbar_pushed.png' dest='0,0,72,72'" />
                <Option name="btn2pdf" text="Office转PDF" float="true" pos="546,0,0,0" width="76" height="100" textpadding="0,0,0,10" textcolor="#00FFFFFF" disabledtextcolor="#FFA7A6AA" font="1" align="bottomcenter" normalimage="toolbar_normal.png" hotimage="file='toolbar_hover.png' dest='0,0,72,72'" pushedimage="file='toolbar_pushed.png' dest='0,0,72,72'" group="quickbar" foreimage="file='pdf.png' dest='0,0,72,72'" selectedimage="file='toolbar_pushed.png' dest='0,0,72,72'" />
            </HorizontalLayout>
            <HorizontalLayout bkcolor="#FF405F7C" inset="0,5,1,0">
                <Control width="2" height="62" />
            </HorizontalLayout>
        </HorizontalLayout>
        <HorizontalLayout>
            <Control width="1" bkcolor="#FFFFFFFF" />
            <HorizontalLayout bkcolor="#FFFFFFFF" bordercolor="#FF768D9B">
                <TabLayout name="tabSwitch">
                    <HorizontalLayout>
                        <pageConvert />
                    </HorizontalLayout>
                    <HorizontalLayout>
                        <pageSetting />
                    </HorizontalLayout>
                    <HorizontalLayout>
                        <pageAbout />
                    </HorizontalLayout>
                </TabLayout>
            </HorizontalLayout>
            <Control width="1" bkcolor="#FFFFFFFF" />
        </HorizontalLayout>
        <HorizontalLayout height="127" bkcolor="#FFAFCBCF">
            <Container width="10"/>
            <Button name="btnAddFile" text="添加文件" width="84" height="30" tooltip="点击添加文档进来" textcolor="#FF000000" disabledtextcolor="#FFA7A6AA" align="center" normalimage="button_normal.png" hotimage="button_hover.png" pushedimage="button_pushed.png" />
            <Button name="btnDel" text="移除" width="84" height="30" tooltip="在列表中移除被选中的文件，不会在电脑上删除" textcolor="#FF000000" disabledtextcolor="#FFA7A6AA" align="center" normalimage="button_normal.png" hotimage="button_hover.png" pushedimage="button_pushed.png" />
            <Button name="btnClear" text="清空" width="84" height="30" tooltip="在列表中清空文件，不会在电脑上删除" textcolor="#FF000000" disabledtextcolor="#FFA7A6AA" align="center" normalimage="button_normal.png" hotimage="button_hover.png" pushedimage="button_pushed.png" />
            <Button name="btnAbout" text="关于&amp;帮助" width="84" height="30" tooltip="查看使用帮助" textcolor="#FF000000" disabledtextcolor="#FFA7A6AA" align="center" normalimage="button_normal.png" hotimage="button_hover.png" pushedimage="button_pushed.png" />
            <Button name="btnReg" text="注册" width="84" height="30" tooltip="购买并注册为正式版用户，享受完整版功能" textcolor="#FF000000" disabledtextcolor="#FFA7A6AA" align="center" normalimage="button_normal.png" hotimage="button_hover.png" pushedimage="button_pushed.png" />
            <Label text="输出选项：" float="true" pos="8,47,0,0" width="131" height="16" textpadding="2,0,2,0" textcolor="#00808080" disabledtextcolor="#FFA7A6AA" font="0" align="leftvcenter" />
            <Button name="btnStart" text="开始转换" float="true" pos="544,28,0,0" width="187" height="74" tooltip="点击按钮，立即开始转换文档" textcolor="#00008080" disabledtextcolor="#FFA7A6AA" font="3" align="center" normalimage="button_normal.png" hotimage="button_hover.png" pushedimage="button_pushed.png" />
            <Edit name="edtImageSavePath" float="true" pos="99,69,0,0" width="332" height="30" bkimage="search_bg.png" bkcolor="#FFFFFFFF" mouse="false" textpadding="4,5,34,3" textcolor="#FF000000" disabledtextcolor="#FFA7A6AA" align="leftvcenter" readonly="true" normalimage="file=&apos;dest=&apos;436,2,462,26&apos;" />
            <Label text="自定义文件夹：" float="true" pos="11,72,0,0" width="81" height="26" textcolor="#FF000000" disabledtextcolor="#FFA7A6AA" align="leftvcenter" />
            <Button name="btnSelSavePath" tooltip="设置文档转换输出目录" float="true" pos="401,77,0,0" width="23" height="17" textcolor="#FF000000" disabledtextcolor="#FFA7A6AA" align="center" normalimage="openfile.png" />
        </HorizontalLayout>
        <HorizontalLayout height="1">
            <Container bkimage="horizontal_border.bmp" />
        </HorizontalLayout>
        <HorizontalLayout height="24">
            <Container>
                <Text name="txtStatus" width="120" height="30" textpadding="2,0,2,0" textcolor="#00FFFFFF" align="lefttop" />
            </Container>
            <Button name="btnCheckUpdate" tooltip="检查更新" width="35" height="18" bkimage="file=&apos;new.png&apos; dest=&apos;0,5,28,17&apos;" textcolor="#00337833" disabledtextcolor="#FFA7A6AA" align="center" hottextcolor="#0000C0FF" />
        </HorizontalLayout>
    </VerticalLayout>
</Window>
