﻿<?xml version="1.0" encoding="utf-8" standalone="yes" ?>
<Window size="210,224">
    <VerticalLayout  bkimage="file='menu_bk.png' corner='40,8,8,8'"  hole="false" bkcolor="#FFFFFFFF">
        <List width="210" ibkcolor="#FFFFFFFF" menu="true" itemtextcolor="#FF000000" itemselectedtextcolor="#FF000000" itemselectedbkcolor="#FFC1E3FF" itemhottextcolor="#FF000000" itemhotbkcolor="#FFC1E3FF" itemdisabledtextcolor="#FFCCCCCC" itemdisabledbkcolor="#FFFFFFFF" headerbkimage="list_header_bg.png" itemshowhtml="true" vscrollbar="true" hscrollbar="true" header="hidden" inset="8,8,8,8">
            <ListHeader />
            <ListContainerElement name="menuShowFilter" height="22" inset="5,0,0,0">
               <CheckBox name="checkShowFilter" endellipsis="true"  text="查找相册" textpadding="35,0,0,0" align="leftvcenter" selectedimage="file='checked.png' dest='0,4,15,19'" normalimage="file='unchecked.png' dest='0,4,15,19'" />
            </ListContainerElement>
            <ListContainerElement name="menuSortbyNo" height="22" inset="40,0,0,0">
                <Label text="按编号排序" disabledtextcolor="#FFA7A6AA" align="leftvcenter" />
            </ListContainerElement>
            <ListContainerElement name="menuSortbyName" height="22" inset="40,0,0,0">
                <Label text="按名称排序" disabledtextcolor="#FFA7A6AA" align="leftvcenter" />
            </ListContainerElement>
            <ListContainerElement name="menuSortbyNum" height="22" inset="40,0,0,0">
                <Label text="按图片数量排序" disabledtextcolor="#FFA7A6AA" align="leftvcenter" />
            </ListContainerElement>
            <ListContainerElement name="menuSortbyDate" height="22" inset="40,0,0,0">
                <Label text="按日期排序" disabledtextcolor="#FFA7A6AA" align="leftvcenter" />
            </ListContainerElement>
            <ListContainerElement height="1" inset="40,0,0,0">
                <Container bkimage="horizontal_border.bmp" />
            </ListContainerElement>
            <ListContainerElement name="menuDownPause" height="22" inset="40,0,0,0">
                <Label text="暂停下载" disabledtextcolor="#FFA7A6AA" align="leftvcenter" />
            </ListContainerElement>
            <ListContainerElement name="menuDownGoon" height="22" inset="40,0,0,0">
                <Label text="继续下载" disabledtextcolor="#FFA7A6AA" align="leftvcenter" />
            </ListContainerElement>
            <ListContainerElement name="menuDownStop" height="22" inset="40,0,0,0">
                <Label text="停止下载" disabledtextcolor="#FFA7A6AA" align="leftvcenter" />
            </ListContainerElement>
            <ListContainerElement height="1" inset="40,0,0,0">
                <Container bkimage="horizontal_border.bmp" />
            </ListContainerElement>
            <ListContainerElement name="menuDownUrl" height="22" inset="40,0,0,0">
                <Label text="导出下载地址用迅雷下载" disabledtextcolor="#FFA7A6AA" align="leftvcenter" />
            </ListContainerElement>
        </List>
    </VerticalLayout>
</Window>
